,이름,별점,주소
0,가산D.C역 개방화장실,,서울 금천구 가산동                34-83                
1,청량리 개방화장실,,서울 동대문구                약령시로 154                 (우)02490
2,동대문세무서 개방화장실,,서울 동대문구                약령시로 159                 (우)02489
3,청량리역 개방화장실,,서울 동대문구                왕산로 지하 205                 (우)02559
4,청량리역 개방화장실,,서울 동대문구                왕산로 214                 (우)02555
5,광장시장 만남의쉼터 개방화장실,,서울 종로구                창경궁로12길 36                 (우)03195
6,종로5가역 개방화장실,,서울 종로구                종로 지하 200                 (우)03195
7,신진시장 만남의 장소 개방화장실,,서울 종로구                종로38길 16                 (우)03197
8,서울종로5가우체국 1층 개방화장실,,서울 종로구                종로 207-1                 (우)03129
9,종로5가 지하상가 개방화장실,,서울 종로구 종로5가                82-1                
10,종로5가파출소 1층 개방화장실,,서울 종로구                동호로 407                 (우)03195
11,광장골목시장수도직물 3층 개방화장실,,서울 종로구                청계천로 195-7                 (우)03195
12,방산시장-A 개방화장실,,서울 중구                동호로37길 20                 (우)04546
13,종로5가 무인자동 개방화장실,,서울 종로구                동호로 401                 (우)03195
14,방산시장-B 개방화장실,,서울 중구                동호로37길 20                 (우)04546
15,"광장시장 합동,화창빌딩 개방화장실",,서울 종로구                종로 194-7                 (우)03195
16,청계5가 지하상가 개방화장실,,서울 중구                동호로 지하 384                 (우)04562
17,광장시장 3층동관부 개방화장실,,서울 종로구                창경궁로 88                 (우)03195
18,광장시장 1층청과부 개방화장실,,서울 종로구                창경궁로 88                 (우)03195
19,"서울시중부교육청 1,2,3층 개방화장실",,서울 종로구                대학로 10                 (우)03126
20,광장골목시장평아직물 2층 개방화장실,,서울 종로구                청계천로 205                 (우)03195
21,종각역 개방화장실,,서울 종로구 종로2가                6                
22,다동소공원 1층 개방화장실,,서울 중구                다동길 21                 (우)04521
23,태평로파출소 개방화장실,,서울 중구                다동길 11                 (우)04521
24,영풍빌딩 개방화장실,,서울 종로구                청계천로 41                 (우)03188
25,한외빌딩 개방화장실,,서울 중구                다동길 43                 (우)04521
26,서울글로벌센터 개방화장실,,서울 종로구                종로 38                 (우)03188
27,한국관광공사 서울센터점 개방화장실,,서울 중구                청계천로 40                 (우)04521
28,제기동 주민센터 개방화장실,,서울 동대문구                약령시로 71                 (우)02478
29,이케이에너지 강산주유소 개방화장실,,서울 성북구                보문로 27                 (우)02873
30,신설역 개방화장실,,서울 동대문구                왕산로 9                 (우)02580
31,경영빌딩 개방화장실,,서울 동대문구                왕산로 6                 (우)02582
32,동서울충전소 개방화장실,,서울 동대문구                망우로 57                 (우)02439
33,회기역 1호선 개방화장실,,서울 동대문구                회기로 196                 (우)02446
34,월드프라자 개방화장실,,서울 도봉구                마들로11가길 13                 (우)01414
35,이마트 개방화장실,,서울 도봉구                노해로65길 4                 (우)01405
36,킹프라자 개방화장실,,서울 도봉구                마들로11가길 16                 (우)01414
37,창동역 개방화장실,4.5,서울 도봉구                마들로11길 77                 (우)01413
38,점보타운 개방화장실,,서울 도봉구                노해로69길 15-15                 (우)01414
39,다모아빌딩 개방화장실,,서울 도봉구                마들로11가길 12                 (우)01414
40,우림빌딩 개방화장실,,서울 도봉구                노해로63길 79                 (우)01399
41,하나빌딩 개방화장실,,서울 도봉구                노해로67길 10                 (우)01414
42,노원경찰서 월계지구대 개방화장실,,서울 노원구                월계로55길 58                 (우)01864
43,용산역 개방화장실,,서울 용산구                한강대로23길 55                 (우)04377
44,신이문역 4번출구 개방화장실,,서울 동대문구                신이문로12길 73                 (우)02410
45,이문고가 개방화장실,,서울 동대문구 이문동                184-85                
46,이문2제방 개방화장실,4.7,서울 동대문구 이문2동                98-1                
47,오류동역 개방화장실,,서울 구로구                경인로20길 13                 (우)08272
48,영등포역 지하상가 개방화장실,,서울 영등포구                경인로 지하 843                 (우)07305
49,영등포로타리 지하상가 개방화장실,,서울 영등포구                영중로 지하 20                 (우)07302
50,영등포역 개방화장실,,서울 영등포구                경인로 846                 (우)07306
51,삼보빌딩 개방화장실,,서울 영등포구                경인로 870                 (우)07306
52,SK남부주유소 개방화장실,,서울 영등포구                경인로 822                 (우)07306
53,영등포본동주민센터 개방화장실,,서울 영등포구                신길로61길 17                 (우)07307
54,광야교회 뒤 개방화장실,,서울 영등포구                영신로17길 13                 (우)07366
55,영등포역 지하 개방화장실,,서울 영등포구                경인로 846                 (우)07306
56,영등포본동제1공영 개방화장실,,서울 영등포구                영신로10길 15                 (우)07307
57,신이문역 개방화장실,,서울 동대문구                한천로 472                 (우)02421
58,이문1제방 개방화장실,,서울 동대문구                한천로58길 209                 (우)02421
59,신도림역 개방화장실,,서울 구로구                새말로 지하 117-21                 (우)08288
60,신도림역 1호선 개방화장실,,서울 구로구                경인로 688                 (우)08209
61,청파공원 개방화장실,,서울 용산구 서계동                226-3                
62,새꿈공원 개방화장실,,서울 용산구 동자동                8-5                
63,서울역 개방화장실,,서울 용산구 동자동                14-200                
64,서울역 개방화장실,,서울 용산구                한강대로 405                 (우)04509
65,개봉역 개방화장실,,서울 구로구 개봉동                415                
66,광운대역 개방화장실,,서울 노원구                석계로 98-2                 (우)01886
67,노원경찰서 월계치안센터 개방화장실,,서울 노원구                석계로 93                 (우)01893
68,금천구청 3호 개방화장실,,서울 금천구                시흥대로63길 91                 (우)08612
69,금천구청역 자전거보관소 4호 개방화장실,,서울 금천구                시흥대로73길 70                 (우)08611
70,금나래도서관 개방화장실,,서울 금천구                시흥대로73길 70                 (우)08611
71,금나래아트홀 개방화장실,,서울 금천구                시흥대로73길 70                 (우)08611
72,금천구청 1층 개방화장실,,서울 금천구                시흥대로73길 70                 (우)08611
73,돌모루공원 개방화장실,,서울 용산구                원효로97길 50                 (우)04313
74,남영역 개방화장실,,서울 용산구                한강대로77길 25                 (우)04322
75,롯데리아 숙대점 개방화장실,,서울 용산구                한강대로81길 4                 (우)04321
76,구일역 개방화장실,,서울 구로구                구일로 133                 (우)08323
77,대창어린이공원 개방화장실,,서울 도봉구 창동                38-4                
78,월천근린공원 개방화장실,,서울 도봉구 창동                28                
79,녹천역 1호선 개방화장실,,서울 도봉구 창동                57-11                
80,초안산근린공원 개방화장실,,서울 도봉구 창동                428                
81,구로역 개방화장실,,서울 구로구                구로중앙로 174                 (우)08213
82,한일빌딩 개방화장실,,서울 도봉구                도봉로152가길 102                 (우)01327
83,송만에너지 도봉제일주유소 개방화장실,,서울 도봉구                도봉로 783                 (우)01308
84,도봉산역 개방화장실,,서울 도봉구                도봉로 964-40                 (우)01318
85,도봉산역광역환승센터주차장 개방화장실,,서울 도봉구                도봉로 955                 (우)01301
86,서울창포원 개방화장실,,서울 도봉구                마들로 916                 (우)01318
87,도봉산역 1호선 개방화장실,,서울 도봉구                도봉로 948                 (우)01318
88,현대오일뱅크직영 도봉현대셀프주유소 개방화장실,,서울 도봉구                도봉로 941                 (우)01301
89,금천교 5호 개방화장실,,서울 금천구                범안로 1126                 (우)08595
90,고려테크온 개방화장실,,서울 금천구                범안로 1138                 (우)08595
91,구도일주유소 개방화장실,,서울 도봉구                도봉로 706                 (우)01333
92,홈플러스 개방화장실,,서울 도봉구                도봉로 678                 (우)01334
93,방학역 개방화장실,,서울 도봉구 방학동                728                
94,디케이비엠시대경주유소 개방화장실,,서울 도봉구                도봉로 696                 (우)01333
95,CJ푸드빌빕스대방점 개방화장실,,서울 동작구                노량진로 2                 (우)06938
96,대방역 개방화장실,5.0,서울 영등포구                여의대방로 300                 (우)07319
97,대방역앞 개방화장실,,서울 영등포구 신길동                4203                
98,보라주유소 개방화장실,,서울 영등포구                영등포로 399                 (우)07318
99,서울시청 신청사 개방화장실,5.0,서울 중구                세종대로 110                 (우)04524
100,서울시청 서소문별관 개방화장실,5.0,서울 중구                덕수궁길 15                 (우)04515
101,시청역 개방화장실,,서울 중구                서소문로 지하 127                 (우)04515
102,서소문파출소 개방화장실,,서울 중구                서소문로 131-1                 (우)04515
103,시청역 개방화장실,,서울 중구                세종대로 110                 (우)04524
104,한화빌딩 개방화장실,,서울 중구                소공로 109                 (우)04525
105,서울특별시의회 개방화장실,,서울 중구                세종대로 125                 (우)04519
106,시청광장 지하 개방화장실,,서울 중구                을지로 지하 12                 (우)04533
107,시청A 지하상가 개방화장실,,서울 중구                을지로 지하 12                 (우)04533
108,신설역 개방화장실,,서울 동대문구                왕산로 9                 (우)02580
109,경영빌딩 개방화장실,,서울 동대문구                왕산로 6                 (우)02582
110,종로3가역 개방화장실,3.5,서울 종로구                돈화문로11길 26                 (우)03133
111,맥도날드 종로3가 개방화장실,,서울 종로구                종로 115                 (우)03139
112,종로1.2.3.4가동 주민센터 2층 개방화장실,,서울 종로구                종로17길 8                 (우)03140
113,종로3가역 개방화장실,,서울 종로구                종로 지하 129                 (우)03139
114,서울종로2가우체국 1층 개방화장실,,서울 종로구                종로17길 8                 (우)03140
115,종로3가무인자동 개방화장실,,서울 종로구                종로 126                 (우)03192
116,종로2가지구대 개방화장실,,서울 종로구                종로17길 4                 (우)03140
117,종로3역 개방화장실,,서울 종로구                돈화문로 38-1                 (우)03138
118,종묘광장 1층 개방화장실,,서울 종로구                종로 157                 (우)03135
119,종로119안전센터 1층 개방화장실,,서울 종로구                돈화문로 30                 (우)03138
120,동대문신발상사 A동 357호 개방화장실,,서울 종로구                청계천로 295                 (우)03119
121,동부여성문화센터 개방화장실,,서울 종로구                창신길 12                 (우)03106
122,동대문역 개방화장실,5.0,서울 종로구                율곡로 지하 308                 (우)03198
123,동대문역 1호선 개방화장실,,서울 종로구                종로 지하 302                 (우)03119
124,남평화상가 개방화장실,,서울 중구                장충단로 282-10                 (우)04567
125,신길역 개방화장실,,서울 영등포구 영등포동1가                35                
126,신길역 1호선 개방화장실,,서울 영등포구 신길동                42-7                
127,SK에너지 신길동주유소 개방화장실,,서울 영등포구                영등포로 348                 (우)07309
128,신길환승 5호선 공영 개방화장실,,서울 영등포구                경인로114가길 지하 9                 (우)07308
129,석계역 1호선 개방화장실,,서울 노원구                화랑로 341                 (우)01895
130,미리내도서관 개방화장실,,서울 성북구                한천로66길 203                 (우)02781
131,석계역6호선 개방화장실,,서울 노원구                화랑로 지하 347-1                 (우)01914
132,시몬주유소 개방화장실,,서울 구로구 온수동                9-12                
133,온수역 7호선 개방화장실,2.0,서울 구로구 온수동                53-16                
134,온수역 1호선 개방화장실,,서울 구로구                부일로 872                 (우)08264
135,한주실업빌딩 이그잼 개방화장실,,서울 동작구                노량진로 162                 (우)06922
136,노량진1동주민센터 개방화장실,,서울 동작구                장승배기로28길 30                 (우)06924
137,노량진역 1호선 개방화장실,,서울 동작구                노량진로 151                 (우)06902
138,9호선노량진역 B1 좌 개방화장실,,서울 동작구                노량진로 지하 130                 (우)06922
139,방배역 개방화장실,,서울 서초구                방배로 지하 80                 (우)06665
140,머리재빌딩 개방화장실,,서울 서초구                방배로 76                 (우)06704
141,방배쉼터 개방화장실,,서울 서초구                남부순환로 2103                 (우)06693
142,사당주차장 개방화장실,,서울 서초구                과천대로 950-18                 (우)06760
143,사당노인종합복지관 개방화장실,,서울 동작구                남부순환로 2081                 (우)07025
144,한국전력 남부지점 개방화장실,,서울 동작구                동작대로 19                 (우)07025
145,사당역 개방화장실,,서울 관악구 남현동                1130-1                
146,사당역 개방화장실,,서울 동작구                동작대로 지하 3                 (우)07025
147,락성주유소 개방화장실,,서울 관악구                남부순환로 1920                 (우)08793
148,낙성대역 개방화장실,,서울 관악구                남부순환로 지하 1928                 (우)08793
149,청동빌딩 개방화장실,,서울 관악구                남부순환로 1922                 (우)08793
150,인헌동주민센터 개방화장실,,서울 관악구                남부순환로246가길 20                 (우)08793
151,남경도빌딩 개방화장실,,서울 관악구                남부순환로 1836                 (우)08788
152,관악구보건소 개방화장실,,서울 관악구                관악로 145                 (우)08832
153,백광빌딩 개방화장실,2.0,서울 관악구                남부순환로 1793                 (우)08758
154,서울대입구역 개방화장실,,서울 관악구                남부순환로 지하 1822                 (우)08787
155,신림역 개방화장실,,서울 관악구                남부순환로 지하 1614                 (우)08777
156,봉림 개방화장실,,서울 관악구 신림동                1433-157                
157,도림천 개방화장실,5.0,서울 동작구 신대방동                702-8                
158,신대방역 개방화장실,,서울 관악구 신림동                516                
159,구로디지털단지역 개방화장실,5.0,서울 구로구                도림천로 477                 (우)08391
160,문래공원 개방화장실,,서울 영등포구 문래동3가                61                
161,문래역 개방화장실,,서울 영등포구                당산로 지하 28                 (우)07298
162,남부교육지원청 개방화장실,,서울 영등포구                문래로 121                 (우)07293
163,대성산업 동마장주유소 개방화장실,1.0,서울 동대문구                고산자로 405                 (우)02566
164,4호 개방화장실,3.0,서울 성동구 마장동                525                
165,용두역 개방화장실,,서울 동대문구 용두동                47-1                
166,용두근린공원 개방화장실,,서울 동대문구 용두동                47-4                
167,정릉천제방 개방화장실,,서울 동대문구                정릉천동로 36                 (우)02567
168,동대문구청 개방화장실,,서울 동대문구                천호대로 145                 (우)02565
169,홈플러스동대문점 개방화장실,,서울 동대문구                천호대로 133                 (우)02565
170,마젤란21오피스텔 개방화장실,5.0,서울 마포구                양화로 175                 (우)03994
171,오렌즈 비젼센터 B1 개방화장실,1.0,서울 마포구                양화로18길 15                 (우)04051
172,미래프라자 개방화장실,2.3,서울 마포구                양화로 166                 (우)04050
173,홍대입구역 개방화장실,4.0,서울 마포구                양화로 지하 160                 (우)04050
174,홍대입구역 경의선 개방화장실,,서울 마포구                양화로 188                 (우)04051
175,효성홍익인간오피스텔 개방화장실,,서울 마포구                양화로 183                 (우)03994
176,현대백화점 개방화장실,,서울 서대문구                신촌로 83                 (우)03789
177,신촌역 개방화장실,,서울 서대문구                신촌로 지하 90                 (우)04058
178,창천문화공원 화장실,,서울 서대문구                연세로5나길 19                 (우)03789
179,대흥동 주민센터 개방화장실,,서울 마포구                신촌로 162                 (우)04104
180,서부교육지원청 개방화장실,,서울 서대문구                이화여대2길 15                 (우)03767
181,아현꽃길 개방화장실,1.0,서울 마포구 아현동                267-7                
182,아현시장 고객지원센터 개방화장실,,서울 마포구                굴레방로 27-17                 (우)04116
183,북아현동주민센터 개방화장실,,서울 서대문구                북아현로 24                 (우)03756
184,용답휴식공원 개방화장실,,서울 성동구 용답동                128-3                
185,청계천 1호 개방화장실,,서울 성동구 마장동                803                
186,도림천역 개방화장실,,서울 구로구                경인로67길 160                 (우)08200
187,c구장 축구장 제방위 개방화장실,,서울 구로구 신도림동                271-86                
188,양천구청역 개방화장실,,서울 양천구                목동로3길 지하 33                 (우)08100
189,시설녹지 신정3호 개방화장실,4.5,서울 양천구                중앙로 248                 (우)08082
190,신정네거리역 개방화장실,,서울 양천구 신정동                1231                
191,나눔누리센터 개방화장실,,서울 양천구                중앙로 250                 (우)08082
192,대법원 개방화장실,,서울 서초구                서초대로 219                 (우)06590
193,대신석유 서원주유소 개방화장실,,서울 서초구                반포대로 142                 (우)06595
194,서초역 개방화장실,,서울 서초구                서초대로 지하 233                 (우)06590
195,9호선당산역 B1층 개방화장실,,서울 영등포구                양평로 지하 40                 (우)07214
196,한강공원양화1 개방화장실,,서울 영등포구 당산동                95-1                
197,길도빌딩 개방화장실,,서울 서초구                법원로2길 15                 (우)06596
198,대성빌딩 개방화장실,,서울 서초구                서초대로52길 28                 (우)06634
199,교대역 2호선 개방화장실,,서울 서초구                서초대로 지하 294                 (우)06634
200,고미술상가 2동 개방화장실,,서울 동대문구                고미술로 21                 (우)02603
201,동부시장 개방화장실,,서울 동대문구                천호대로 281                 (우)02604
202,청계푸르지오 시티 개방화장실,,서울 동대문구                천호대로 257                 (우)02603
203,부룡빌딩 개방화장실,,서울 동대문구                천호대로 263                 (우)02603
204,성동구립 용답도서관 개방화장실,,서울 성동구                용답중앙3길 10                 (우)04804
205,자전거체험학습장 개방화장실,,서울 성동구 마장동                811                
206,캐피탈타워 개방화장실,3.0,서울 강남구                테헤란로 142                 (우)06236
207,성지하이츠 3차오피스텔 개방화장실,,서울 강남구                논현로 507                 (우)06132
208,LG에클라트오피스텔 개방화장실,,서울 강남구                테헤란로20길 19                 (우)06236
209,성지하이츠2차오피스텔 개방화장실,,서울 강남구                테헤란로 147                 (우)06132
210,역삼역 개방화장실,,서울 강남구                테헤란로 지하 156                 (우)06236
211,GS칼텍스 GS타워주유소 개방화장실,,서울 강남구                논현로 516                 (우)06140
212,성동경찰서 개방화장실,5.0,서울 성동구                왕십리광장로 9                 (우)04750
213,왕십리문화공원 개방화장실,,서울 성동구 도선동                35-2                
214,행당119안전센터 개방화장실,,서울 성동구                고산자로 249                 (우)04709
215,성동구립도서관 개방화장실,,서울 성동구                고산자로10길 9                 (우)04744
216,소월문화광장 개방화장실,,서울 성동구 행당동                143-7                
217,동부수도사업소 개방화장실,,서울 성동구                고산자로10길 13                 (우)04744
218,성동구청 앞 개방화장실,,서울 성동구                고산자로 270                 (우)04750
219,왕십리역 5호선 개방화장실,,서울 성동구 행당동                192-3                
220,왕십리역 경의선 개방화장실,,서울 성동구                왕십리광장로 17                 (우)04750
221,왕십리역 2호선 개방화장실,,서울 성동구 행당동                188-1                
222,나래타워 개방화장실,,서울 성동구                고산자로 234                 (우)04744
223,성동구청 개방화장실,,서울 성동구                고산자로 270                 (우)04750
224,행당1동주민센터 개방화장실,,서울 성동구                고산자로10길 18                 (우)04745
225,시립성동청소년수련관 개방화장실,,서울 성동구                고산자로 260                 (우)04750
226,살곶이진입부 개방화장실,,서울 성동구 사근동                102-28                
227,살곶이인라인 개방화장실,,서울 성동구 사근동                102-21                
228,한양대역 개방화장실,,서울 성동구                왕십리로 206                 (우)04763
229,뚝섬역 개방화장실,,서울 성동구                아차산로 18                 (우)04778
230,서울숲역 개방화장실,,서울 성동구                왕십리로 지하 77                 (우)04769
231,성수1가2동 주민센터 개방화장실,,서울 성동구                왕십리로5길 3                 (우)04768
232,성동구민종합체육센터 개방화장실,,서울 성동구                왕십리로 89                 (우)04769
233,성수역 개방화장실,,서울 성동구                아차산로 100                 (우)04782
234,영동테크노타워 개방화장실,,서울 성동구                아차산로 103                 (우)04794
235,JK빌딩 개방화장실,,서울 성동구                성수이로20길 16                 (우)04783
236,다동소공원 1층 개방화장실,,서울 중구                다동길 21                 (우)04521
237,을지로입구역 개방화장실,,서울 중구                을지로 35                 (우)04523
238,남대문 개방화장실,4.0,서울 중구                남대문로 114                 (우)04540
239,태평로파출소 개방화장실,,서울 중구                다동길 11                 (우)04521
240,한국전력공사 서울본부 개방화장실,,서울 중구                남대문로 92                 (우)04534
241,한외빌딩 개방화장실,,서울 중구                다동길 43                 (우)04521
242,시청A 지하상가 개방화장실,,서울 중구                을지로 지하 12                 (우)04533
243,을지입구 지하상가 개방화장실,,서울 중구                을지로 지하 58                 (우)04539
244,한국관광공사 서울센터점 개방화장실,,서울 중구                청계천로 40                 (우)04521
245,리빠똥호프1 개방화장실,,서울 성동구                왕십리로 357                 (우)04710
246,도선동공영주차장 개방화장실,,서울 성동구                무학로8길 8                 (우)04707
247,우인빌딩 왕십리클리닉 개방화장실,,서울 성동구                왕십리로 339                 (우)04710
248,스타주유소 개방화장실,,서울 광진구 자양동                779-7                
249,민도빌딩 개방화장실,,서울 광진구                아차산로 395                 (우)05044
250,구의역 개방화장실,,서울 광진구                아차산로 384-1                 (우)05051
251,구의1동 공영주차장 개방화장실,,서울 광진구                자양로18길 78                 (우)05044
252,청운빌딩 개방화장실,,서울 관악구                남부순환로 1730                 (우)08784
253,은천동주민센터 개방화장실,,서울 관악구                봉천로33나길 30                 (우)08750
254,공인중개사협회 개방화장실,,서울 관악구                남부순환로 1722                 (우)08784
255,송파어린이영어도서관 개방화장실,,서울 송파구 신천동                14                
256,잠실나루역 개찰구 밖 개방화장실,,서울 송파구                오금로 20                 (우)05504
257,강남역 지하상가 개방화장실,,서울 강남구                테헤란로 101                 (우)06134
258,도씨에빛2 개방화장실,,서울 서초구                강남대로 359                 (우)06621
259,강남역 개방화장실,,서울 강남구                강남대로 지하 396                 (우)06232
260,세계빌딩 개방화장실,1.0,서울 서초구                서초대로73길 12                 (우)06615
261,BNK디지털타워 개방화장실,,서울 서초구                서초대로 398                 (우)06619
262,잠실종합사회복지관 개방화장실,,서울 송파구                올림픽로12길 12                 (우)05560
263,잠실트리지움상가 개방화장실,,서울 송파구                석촌호수로 61                 (우)05555
264,잠실새내역 개방화장실,,서울 송파구 잠실동                21                
265,잠실야구장 개방화장실,1.0,서울 송파구                올림픽로 25                 (우)05500
266,중소기업정보관 개방화장실,,서울 송파구                올림픽로 8                 (우)05571
267,제2수영장 체육공원 학생체육관앞 개방화장실,5.0,서울 송파구                올림픽로 25                 (우)05500
268,103호 잠실야구장 개방화장실,,서울 송파구                올림픽로 25                 (우)05500
269,종합운동장역 개방화장실,,서울 송파구                올림픽로 지하 23                 (우)05571
270,제2수영장 체육공원 풋살경기장앞 개방화장실,,서울 송파구                올림픽로 25                 (우)05500
271,SK금성주유소 개방화장실,,서울 강남구                테헤란로 619                 (우)06173
272,덕명빌딩 개방화장실,,서울 강남구                테헤란로 625                 (우)06173
273,삼성역 개방화장실,,서울 강남구                테헤란로 지하 538                 (우)06181
274,홍우빌딩 개방화장실,,서울 강남구                테헤란로 522                 (우)06181
275,선릉역 개방화장실,,서울 강남구                테헤란로 지하 340                 (우)06212
276,선릉이스타빌 개방화장실,,서울 강남구                테헤란로52길 15                 (우)06212
277,다봉타워빌딩 개방화장실,,서울 강남구                테헤란로 418                 (우)06193
278,하이리빙빌딩 개방화장실,,서울 강남구                테헤란로 420                 (우)06193
279,선릉역 분당선 개방화장실,,서울 강남구 삼성동                111-114                
280,성담빌딩 개방화장실,,서울 강남구                테헤란로 411                 (우)06160
281,구의공원 개방화장실,,서울 광진구 구의동                546-2                
282,동서울터미널종합상가 개방화장실,,서울 광진구                강변역로 50                 (우)05116
283,테크노마트 개방화장실,,서울 광진구                광나루로56길 85                 (우)05116
284,광진문화원 개방화장실,,서울 광진구                광나루로56길 67                 (우)05119
285,지너스타워 개방화장실,,서울 광진구                강변역로4길 10                 (우)05116
286,시그니쳐 타워 서관 개방화장실,4.7,서울 중구                청계천로 100                 (우)04542
287,을지로3가역 개방화장실,,서울 중구                을지로 지하 129                 (우)04549
288,시립서울청소년수련관 1층 개방화장실,,서울 중구                을지로11길 23                 (우)04543
289,나라키움저동빌딩 개방화장실,,서울 중구                삼일대로 340                1층 (우)04551
290,을지로동주민센터 개방화장실,,서울 중구                충무로9길 20                 (우)04543
291,CT센타 타워빌딩 개방화장실,,서울 중구                수표로 34                 (우)04555
292,을지로3가파출소 1층 개방화장실,,서울 중구                충무로 56-1                 (우)04549
293,동대문역사문화공원역 개방화장실,,서울 중구                마른내로 지하 162                 (우)04560
294,동대문역사문화공원역 개방화장실,,서울 중구                장충단로 지하 230                 (우)04565
295,을지로4가역 개방화장실,,서울 중구                창경궁로 지하 51                 (우)04545
296,반석교회 개방화장실,,서울 중구                창경궁로5다길 22                 (우)04545
297,을지로4가역 개방화장실,,서울 중구                을지로 지하 178                 (우)04548
298,오성빌딩 개방화장실,,서울 중구                을지로33길 18-1                 (우)04546
299,인현지하상가 개방화장실,,서울 중구 인현동2가                101-3                
300,충정로역 개방화장실,3.0,서울 서대문구 충정로3가                303-2                
301,삼창빌딩 개방화장실,,서울 서대문구                충정로 13                 (우)03737
302,K1 REIT 빌딩 국민연금공단충정로사옥 개방화장실,3.0,서울 서대문구                충정로 36                 (우)03741
303,영등포구청청사 개방화장실,,서울 영등포구                당산로 123                 (우)07260
304,당산공원 개방화장실,,서울 영등포구                당산로27길 12                 (우)07260
305,우미빌딩 개방화장실,,서울 영등포구                당산로 122                 (우)07259
306,영등포구청역 개방화장실,,서울 영등포구 당산동3가                556-1                
307,당산1동 주민센터 청사 개방화장실,,서울 영등포구                양산로23길 11                 (우)07259
308,인곡빌딩 개방화장실,,서울 영등포구                양산로 107                 (우)07260
309,현대상가 지하1층 개방화장실,,서울 영등포구                당산로 95                 (우)07264
310,인곡빌딩 지하1층 개방화장실,,서울 영등포구                양산로 107                 (우)07260
311,다산어린이공원 1층 개방화장실,,서울 중구 신당동                123-1                
312,황학어린이공원 황학동 개방화장실,,서울 중구                다산로48길 33                 (우)04576
313,신당역 개방화장실,,서울 중구                퇴계로 432                 (우)04577
314,유락종합사회복지관 개방화장실,,서울 중구                퇴계로 460                 (우)04579
315,금영빌딩 개방화장실,,서울 중구                다산로42길 93                 (우)04578
316,신당5동주민센터 1층 개방화장실,,서울 중구                다산로44길 85                 (우)04578
317,신당역공영주차장 개방화장실,,서울 중구                다산로44길 67                 (우)04578
318,황학동 주민센터 1층 개방화장실,,서울 중구                난계로11길 52                 (우)04575
319,서교공원 개방화장실,,서울 마포구                양화로11길 21                 (우)04037
320,메세나폴리스1 1층 개방화장실,,서울 마포구                양화로 45                 (우)04036
321,메세나폴리스2 개방화장실,,서울 마포구                양화로 45                 (우)04036
322,합정역 개방화장실,,서울 마포구                양화로 지하 45                 (우)04027
323,명지빌드웰 개방화장실,,서울 마포구                양화로 58                 (우)04045
324,서교119안전센터 개방화장실,,서울 마포구                양화로 60                 (우)04045
325,삼성화재 개방화장실,,서울 마포구                양화로 81                 (우)04034
326,합정동주민센터 개방화장실,,서울 마포구 합정동                473                
327,메세나폴리스3 개방화장실,,서울 마포구                양화로 45                2층 (우)04036
328,합정역 개방화장실,,서울 마포구                양화로 지하 55                 (우)04037
329,조양시장 개방화장실,,서울 광진구                아차산로30길 39                 (우)05073
330,화양공원 개방화장실,,서울 광진구 화양동                8-36                
331,캠퍼스프라자 개방화장실,,서울 광진구                동일로22길 81                 (우)05018
332,건대입구역 개방화장실,,서울 광진구                능동로 지하 110                 (우)05030
333,광진문화예술회관 개방화장실,,서울 광진구                능동로 76                 (우)05065
334,롯데백화점 개방화장실,,서울 광진구                능동로 90                 (우)05065
335,대림역 개방화장실,,서울 영등포구 대림동                1050-40                
336,대림역 개방화장실,4.0,서울 구로구                도림천로 351                 (우)08304
337,향군타워B동 개방화장실,,서울 송파구                올림픽로35길 125                 (우)05510
338,홈플러스 개방화장실,,서울 송파구                올림픽로35가길 16                 (우)05510
339,잠실역 개찰구 밖 개방화장실,,서울 송파구 신천동                8                
340,롯데캐슬프라자 개방화장실,,서울 송파구                올림픽로 269                 (우)05510
341,롯데백화점 에비뉴엘월드타워점 개방화장실,,서울 송파구                올림픽로 300                 (우)05551
342,국민연금본부회관 개방화장실,,서울 송파구                올림픽로35다길 13                 (우)05510
343,서원주유소 개방화장실,,서울 송파구                중대로 154                 (우)05825
344,가락공원2 족구장 개방화장실,,서울 송파구                양재대로64길 42                 (우)05715
345,국립경찰병원 개방화장실,1.0,서울 송파구                송이로 123                 (우)05715
346,경찰병원역 개찰구 안 밖 개방화장실,,서울 송파구                중대로 지하 149                 (우)05715
347,현대파크빌상가빌딩 개방화장실,,서울 송파구                중대로 174                 (우)05824
348,잠원역 개방화장실,,서울 서초구                잠원로4길 지하 46                 (우)06522
349,잠원동주민센터 개방화장실,,서울 서초구                나루터로 38                 (우)06523
350,센트럴시티고속터미널 개방화장실,5.0,서울 서초구                신반포로 190                 (우)06545
351,고속터미널역 3번출구 개방화장실,5.0,서울 서초구                신반포로 지하 188                 (우)06545
352,고속터미널역 4번출구 개방화장실,,서울 서초구                신반포로 지하 188                 (우)06545
353,고속터미널역 개방화장실,,서울 서초구                신반포로 지하 188                 (우)06545
354,고속터미널역 1번출구 개방화장실,,서울 서초구                신반포로 지하 188                 (우)06545
355,강남터미널 1구역 지하상가 개방화장실,,서울 서초구                신반포로 지하 200                 (우)06545
356,강남터미널 2구역 지하상가 개방화장실,,서울 서초구                신반포로 지하 200                 (우)06545
357,강남터미널 3구역 지하상가 개방화장실,,서울 서초구                신반포로 지하 200                 (우)06545
358,서초브이샤르망 개방화장실,,서울 서초구                효령로55길 28                 (우)06654
359,대한건축사협회 개방화장실,,서울 서초구                효령로 317                 (우)06643
360,서울남부터미널 개방화장실,5.0,서울 서초구                효령로 292                 (우)06718
361,양재1동주민센터 개방화장실,,서울 서초구                남부순환로 2610                 (우)06737
362,양재역 개방화장실,,서울 서초구                남부순환로 지하 2585                 (우)06735
363,서초보건소 개방화장실,,서울 서초구                남부순환로 2584                 (우)06750
364,도곡1동경로당 개방화장실,,서울 강남구                남부순환로355길 22                 (우)06266
365,SK리더스뷰 개방화장실,,서울 강남구                언주로 201                 (우)06274
366,매봉역 개방화장실,,서울 강남구                남부순환로 지하 2744                 (우)06297
367,독구리경로당 개방화장실,,서울 강남구                남부순환로379길 14                 (우)06274
368,삼성아파트 상가 개방화장실,,서울 강남구                남부순환로379길 14                 (우)06274
369,대청역 개방화장실,,서울 강남구                일원로 지하 2                 (우)06337
370,대청프라자 개방화장실,,서울 강남구                개포로109길 34                 (우)06336
371,대진공원 개방화장실,,서울 강남구                개포로109길 62                 (우)06334
372,대치역 개방화장실,,서울 강남구                남부순환로 지하 2952                 (우)06291
373,윈플러스상가 개방화장실,,서울 강남구                남부순환로 2936                 (우)06291
374,대치풍림빌딩 개방화장실,,서울 강남구                남부순환로 2942                 (우)06291
375,은마종합상가 개방화장실,,서울 강남구                삼성로 212                 (우)06284
376,대치퍼스트빌딩 개방화장실,,서울 강남구                삼성로 155                 (우)06291
377,JS강남웨딩문화원 개방화장실,,서울 서초구 잠원동                27-6                
378,신사역 개방화장실,,서울 강남구                도산대로 지하 102                 (우)06038
379,신사미타워 개방화장실,,서울 강남구                강남대로 616                 (우)06035
380,지에스칼텍스남서울주유소 개방화장실,,서울 서초구                나루터로 83                 (우)06524
381,일원역 개방화장실,,서울 강남구                일원로 115                 (우)06355
382,수서역 분당선 개방화장실,,서울 강남구 수서동                728                
383,수서역 개방화장실,,서울 강남구                광평로 지하 270                 (우)06362
384,사이룩스오피스텔 개방화장실,,서울 강남구                광평로 295                 (우)06349
385,수서현대벤처빌 개방화장실,,서울 강남구                밤고개로1길 10                 (우)06349
386,"가락시장역 개찰구 안,밖 개방화장실",,서울 송파구 가락동                184-23                
387,롯데마트 송파점 개방화장실,,서울 송파구                중대로 80                 (우)05833
388,늘벗공원 개방화장실,5.0,서울 강남구 대치동                501                
389,그랑프리엔 개방화장실,,서울 강남구                남부순환로 2912                 (우)06289
390,도곡역 개방화장실,,서울 강남구                남부순환로 지하 2814                 (우)06293
391,도곡역 분당선 개방화장실,,서울 강남구 대치동                600-6                
392,여천빌딩 개방화장실,,서울 강남구                남부순환로 2909                 (우)06280
393,극동스포츠빌딩 개방화장실,5.0,서울 강남구                압구정로 152                 (우)06030
394,중산빌딩 개방화장실,,서울 강남구                논현로 878                 (우)06022
395,압구정역 개방화장실,,서울 강남구                압구정로 지하 172                 (우)06022
396,새서울석유 새서울주유소 개방화장실,5.0,서울 강남구                압구정로 154                 (우)06030
397,쌍용종합 상가 개방화장실,,서울 강남구                영동대로 210                 (우)06286
398,옥수리버젠상가 개방화장실,,서울 성동구                독서당로 216-1                 (우)04734
399,미타사 개방화장실,,서울 성동구                독서당로40길 21                 (우)04739
400,금호역 개방화장실,,서울 성동구                동호로 지하 104                 (우)04724
401,옥수역 개방화장실,,서울 성동구 옥수동                168-4                
402,한강공원이촌2 개방화장실,,서울 성동구 옥수동                490-6                
403,구파발역 개방화장실,,서울 은평구 진관동                67-26                
404,구파발폭포 개방화장실,,서울 은평구                진관2로 15-30                 (우)03306
405,구파발역환승센터 개방화장실,,서울 은평구                진관2로 15-40                 (우)03306
406,롯데리아 불광점 개방화장실,,서울 은평구                통일로 741                 (우)03396
407,녹번파출소 개방화장실,,서울 은평구                통일로 684                 (우)03371
408,불광제1동주민센터 개방화장실,,서울 은평구                진흥로15길 10                 (우)03368
409,서울병원 개방화장실,,서울 은평구                진흥로 191                 (우)03397
410,보광빌딩 개방화장실,,서울 은평구                통일로 730                 (우)03368
411,불광역 개방화장실,,서울 은평구                통일로 지하 723-1                 (우)03397
412,대조치안센터 개방화장실,,서울 은평구                통일로 737                 (우)03396
413,한화생명빌딩 개방화장실,,서울 은평구                통일로 742                 (우)03358
414,한국환경정책평가연구원 개방화장실,,서울 은평구                진흥로15길 10                 (우)03368
415,녹번역 개방화장실,,서울 은평구 녹번동                55-19                
416,녹번주유소 개방화장실,,서울 은평구                통일로 600                 (우)03373
417,녹번119안전센터 개방화장실,,서울 은평구                은평로 245                 (우)03382
418,서대문세무서 개방화장실,3.3,서울 서대문구 홍제동                251                
419,홍제파출소 개방화장실,,서울 서대문구                통일로 441-1                 (우)03639
420,홍제1동주민센터 개방화장실,,서울 서대문구                통일로 435-1                 (우)03646
421,창원이엔지 홍제지점 개방화장실,,서울 서대문구                통일로 455                 (우)03636
422,무악재역 개방화장실,,서울 서대문구                통일로 지하 361                 (우)03730
423,독립문주유소 개방화장실,,서울 서대문구                통일로 384                 (우)03633
424,서부수도사업소 개방화장실,,서울 서대문구                통일로26길 41                 (우)03635
425,연서시장 개방화장실,,서울 은평구                통일로 850                 (우)03345
426,맥도날드 연신내점 개방화장실,,서울 은평구                연서로 213                 (우)03331
427,연신내메디컬센타 개방화장실,,서울 은평구                연서로 246                 (우)03350
428,청구성심병원 개방화장실,,서울 은평구                통일로 873                 (우)03330
429,연신내역 개방화장실,,서울 은평구 갈현동                389-7                
430,파레제페빌딩 개방화장실,,서울 은평구                통일로 830                 (우)03350
431,경복궁역 개방화장실,5.0,서울 종로구                사직로 지하 130                 (우)03170
432,통의파출소 1층 개방화장실,,서울 종로구                효자로 9                 (우)03044
433,한국생산성본부 1층 개방화장실,,서울 종로구                새문안로5가길 32                 (우)03170
434,경복궁 곡수지 1층 개방화장실,5.0,서울 종로구                사직로 161                 (우)03045
435,"국립고궁박물관 전시동 2,1,지하1층 개방화장실",,서울 종로구                효자로 12                 (우)03045
436,SK재동주유소 1층 개방화장실,,서울 종로구                율곡로 58                 (우)03147
437,운현궁 개방화장실,,서울 종로구                삼일대로 464                 (우)03131
438,수운회관 개방화장실,,서울 종로구                삼일대로 457                 (우)03147
439,오발탄 개방화장실,,서울 중구                퇴계로 205                 (우)04557
440,SK에너지 퇴계로주유소 개방화장실,,서울 중구                퇴계로 228                 (우)04624
441,필동주유소 1층 개방화장실,,서울 중구                퇴계로 196                 (우)04625
442,충무로역 개방화장실,5.0,서울 중구 필동2가                16-2                
443,남산골한옥마을 정문 개방화장실,,서울 중구                퇴계로34길 28                 (우)04626
444,충무파출소 남녀 개방화장실,,서울 중구                퇴계로 178                 (우)04627
445,남산골한옥마을 중앙 개방화장실,,서울 중구                퇴계로34길 28                 (우)04626
446,충무로 119안전센터 개방화장실,,서울 중구                충무로 11                2층 (우)04554
447,동대입구역 개방화장실,,서울 중구                동호로 지하 256                 (우)04617
448,장충단공원 개방화장실,,서울 중구                동호로 257-10                 (우)04620
449,통일주유소 1층 개방화장실,,서울 중구                동호로 296                 (우)04617
450,장충체육관 개방화장실,,서울 중구                동호로 241                 (우)04605
451,청구어린이공원 1층 개방화장실,,서울 중구 신당동                842-1                
452,문화공영주차장 개방화장실,,서울 중구                동호로12길 29                 (우)04607
453,중구구립가온도서관 개방화장실,,서울 중구                동호로14길 18                 (우)04607
454,다산동공영주차장 개방화장실,,서울 중구                동호로15길 60                 (우)04604
455,약수역 개방화장실,,서울 중구                다산로 지하 122                 (우)04597
456,장원주유소 1층 개방화장실,,서울 중구                동호로 203                 (우)04598
457,"약수지구대 남,녀 1층 개방화장실",,서울 중구                동호로5길 15                 (우)04596
458,약수노인종합복지관,5.0,서울 중구                다산로6길 11                 (우)04597
459,독립문역 개방화장실,,서울 종로구 무악동                11-11                
460,주차장 독립공원 개방화장실,,서울 서대문구                통일로 251                 (우)03732
461,이진아기념도서관 개방화장실,,서울 서대문구                독립문공원길 80                 (우)03732
462,구관리동-독립공원 개방화장실,,서울 서대문구                통일로 251                 (우)03732
463,오금역 3호선 개방화장실,,서울 송파구 오금동                34-2                
464,송파우체국 개방화장실,,서울 송파구                오금로 323                 (우)05661
465,송파경찰서 개방화장실,1.0,서울 송파구                중대로 221                 (우)05701
466,오금공원2 테니스장 개방화장실,,서울 송파구 오금동                51                
467,오금역 5호선 개방화장실,,서울 송파구 가락동                2-11                
468,가락빌딩 개방화장실,,서울 송파구                오금로 310                 (우)05701
469,KFC대학로점 개방화장실,,서울 종로구                대학로 120                 (우)03086
470,대학로예술극장 개방화장실,,서울 종로구                대학로10길 17                 (우)03086
471,"마로니에공원 1층,B1층 개방화장실",3.0,서울 종로구                대학로 104                 (우)03087
472,연건119안전센터 1층 개방화장실,,서울 종로구                대학로 91                 (우)03082
473,"동덕대학교공연예술센터 지상1층, 지하1층 개방화장실",,서울 종로구                동숭길 126                 (우)03084
474,남태령쉼터 정각사 입구 개방화장실,,서울 서초구                과천대로 786                 (우)06761
475,대농석유 남태령주유소 개방화장실,,서울 서초구                과천대로 838                 (우)06761
476,동작역 북쪽 개방화장실,,서울 동작구                현충로 지하 220                 (우)06984
477,동작주차공원 개방화장실,,서울 동작구                현충로 213                 (우)06905
478,동작역 남쪽 개방화장실,,서울 동작구                현충로 213                 (우)06905
479,이촌역 개방화장실,,서울 용산구 용산동5가                17-27                
480,청소년수련원 샤워실 개방화장실,,서울 용산구                이촌로71길 24                 (우)04422
481,이촌역 경의중앙선 개방화장실,,서울 용산구 용산동5가                17-98                
482,이촌1동주민센터 개방화장실,,서울 용산구                이촌로71길 24                 (우)04422
483,청소년수련원 지하1층 개방화장실,,서울 용산구                이촌로71길 24                 (우)04422
484,청소년수련원 2층 개방화장실,,서울 용산구                이촌로71길 24                 (우)04422
485,청소년수련원 지하2층 개방화장실,,서울 용산구                이촌로71길 24                 (우)04422
486,신용산역 개방화장실,5.0,서울 용산구 한강로2가                412                
487,철길담장옆 개방화장실,,서울 용산구                한강대로39길 42                 (우)04376
488,용산우체국 개방화장실,,서울 용산구                한강대로 118                 (우)04386
489,용산역 개방화장실,,서울 용산구                한강대로23길 55                 (우)04377
490,한강로동 주민센터 개방화장실,,서울 용산구                한강대로38길 28                 (우)04386
491,롯데리아 숙대점 개방화장실,,서울 용산구                한강대로81길 4                 (우)04321
492,갈월종합사회복지관 개방화장실,,서울 용산구                두텁바위로 25                 (우)04335
493,남영동주민센터 개방화장실,,서울 용산구                두텁바위로 25                 (우)04335
494,남대문파출소 개방화장실,,서울 중구                남대문시장4길 28-16                 (우)04528
495,본동상가 개방화장실,,서울 중구                남대문시장길 16-4                 (우)04528
496,남대문시장 1층 개방화장실,,서울 중구                소월로 3                 (우)04528
497,숭례문수입상가 개방화장실,,서울 중구                소월로 3                 (우)04528
498,회현파출소 개방화장실,,서울 중구                퇴계로6길 3-15                 (우)04634
499,부르뎅아동복 개방화장실,3.0,서울 중구                남대문시장8길 2                 (우)04529
500,뽀뽀치킨 개방화장실,,서울 중구                퇴계로 68-1                 (우)04634
501,삼익패션타운 개방화장실,,서울 중구                남대문시장8길 7                 (우)04529
502,SK리더스뷰남산 개방화장실,,서울 중구                퇴계로 72                 (우)04632
503,맥도날드 삼선점 개방화장실,,서울 성북구                동소문로 13                 (우)02833
504,한성대역 개방화장실,,서울 성북구 삼선동1가                1-3                
505,삼선주유소 개방화장실,,서울 성북구                창경궁로 324                 (우)02866
506,남산동공영주차장 개방화장실,,서울 중구                퇴계로20길 24                 (우)04631
507,명동역 개방화장실,1.0,서울 중구                퇴계로 지하 124                 (우)04629
508,남산예장 주차장 개방화장실,,서울 중구                퇴계로26길 36                 (우)04628
509,길음1동분소 개방화장실,,서울 성북구                길음로 6                 (우)02725
510,햇빛병원 개방화장실,,서울 강북구                도봉로 74                 (우)01215
511,와이스퀘어 개방화장실,,서울 강북구                도봉로 52                 (우)01215
512,숭인시장 개방화장실,,서울 강북구                도봉로 45                 (우)01211
513,미아사거리역 개방화장실,,서울 강북구                도봉로 지하 50                 (우)01215
514,롯데백화점 개방화장실,,서울 강북구                도봉로 62                 (우)01215
515,현대오일뱅크 직영 세한셀프주유소 개방화장실,,서울 강북구 미아동                62-7                
516,수유시장 개방화장실,,서울 강북구                도봉로67길 18                 (우)01117
517,수유프라자 개방화장실,,서울 강북구                도봉로 261                 (우)01114
518,한빛어린이공원 개방화장실,,서울 강북구 미아동                222-20                
519,수유마을시장 공영주차장 개방화장실,,서울 강북구                도봉로69길 29                 (우)01117
520,수유중앙시장 개방화장실,,서울 강북구                노해로17길 21                 (우)01076
521,수유역 자전거주차장 개방화장실,,서울 강북구                도봉로85길 10                 (우)01073
522,수유역 개방화장실,,서울 강북구                도봉로 지하 338                 (우)01062
523,강북구청 내부 개방화장실,,서울 강북구                도봉로89길 13                 (우)01071
524,강북구청 외부 개방화장실,,서울 강북구                도봉로89길 13                 (우)01071
525,쌍문역 개방화장실,,서울 도봉구                도봉로 지하 486-1                 (우)01454
526,노원역 개방화장실,,서울 노원구                상계로 69-1                 (우)01693
527,동익빌딩 개방화장실,1.0,서울 노원구                상계로 59                 (우)01694
528,디와이홀딩스 개방화장실,,서울 노원구                동일로 1419                 (우)01689
529,노원역 개방화장실,2.0,서울 노원구                동일로 지하 1409                 (우)01689
530,상계역전종합상가B 개방화장실,,서울 노원구                한글비석로 396                 (우)01663
531,당고개역 개방화장실,,서울 노원구                상계로 305                 (우)01634
532,동막골 개방화장실,,서울 노원구 상계동                114                
533,당고개공원 개방화장실,,서울 노원구 상계동                114                
534,성북구 보건소 보건지소 개방화장실,,서울 성북구                아리랑로3길 8                 (우)02830
535,성신여대입구역 개방화장실,1.0,서울 성북구                동소문로 지하 102                 (우)02845
536,롯데리아 성신여대점 개방화장실,,서울 성북구                동소문로 117                 (우)02829
537,서울보훈지청 개방화장실,,서울 용산구                이태원로 6                 (우)04382
538,한마음공원 개방화장실,,서울 용산구                한강대로 167                 (우)04375
539,삼각지역 개방화장실,,서울 용산구                한강대로 180                 (우)04382
540,용산역파출소 개방화장실,,서울 용산구                한강대로 198-2                 (우)04353
541,용산소방서 개방화장실,,서울 용산구                한강대로 167                 (우)04375
542,힐탑오피스텔 개방화장실,,서울 강동구                천호대로 1073                 (우)05340
543,오석빌딩 개방화장실,,서울 강동구                천호대로 1116                 (우)05373
544,강동역 개방화장실,,서울 강동구 성내동                160-52                
545,웰빙메디컬센터 개방화장실,,서울 강동구                천호대로 1128                 (우)05373
546,풍납공원 개방화장실,,서울 송파구 풍납동                74                
547,천호역 개방화장실,,서울 송파구                천호대로 996-2                 (우)05511
548,브라운스톤천호 개방화장실,5.0,서울 강동구                천호대로 1006                 (우)05378
549,온달공원 개방화장실,,서울 광진구                아차산로73길 15                 (우)04968
550,삼호주유소 개방화장실,,서울 광진구                천호대로 809                 (우)04968
551,광장동 주민센터 개방화장실,,서울 광진구                광장로 52                 (우)04968
552,광나루역 개방화장실,,서울 광진구                아차산로 지하 571                 (우)04983
553,성동노인종합복지관 개방화장실,,서울 성동구                마조로 77                 (우)04759
554,마장역 개방화장실,,서울 성동구                마장로 296                 (우)04758
555,마장동 주민센터 개방화장실,,서울 성동구                마장로42길 11                 (우)04757
556,현대오일뱅크 성동셀프주유소 개방화장실,,서울 성동구                마장로 311                 (우)04756
557,능동주유소 개방화장실,,서울 광진구                천호대로 584                 (우)04986
558,군자감자탕 개방화장실,,서울 광진구                군자로 183                 (우)04996
559,G타워 개방화장실,,서울 광진구                천호대로 549                 (우)04919
560,군자역 개방화장실,,서울 광진구                천호대로 지하 550                 (우)04997
561,능동공영주차장 개방화장실,,서울 광진구                천호대로112길 56                 (우)04989
562,한주빌딩 대봉갈비 개방화장실,,서울 광진구                능동로36길 32                 (우)04985
563,신의주부대찌개 개방화장실,,서울 광진구                천호대로112길 13                 (우)04986
564,광명빌딩 개방화장실,,서울 광진구                천호대로 592                 (우)04986
565,맑은수병원 개방화장실,,서울 동대문구                천호대로83길 44                 (우)02636
566,장안빌딩 개방화장실,,서울 동대문구                장한로 6                 (우)02645
567,삼성생명 장안동빌딩 개방화장실,,서울 동대문구                천호대로 401                 (우)02633
568,장한평역 개방화장실,,서울 동대문구 장안동                416-6                
569,용헌빌딩 개방화장실,,서울 동대문구                천호대로 393                 (우)02633
570,서울특별시 새마을회관 개방화장실,,서울 동대문구                천호대로 389                 (우)02633
571,순복음성동교회 개방화장실,,서울 성동구                천호대로 316                1층 (우)04805
572,롯데리아 답십리점 개방화장실,,서울 성동구                천호대로 308                 (우)04804
573,동부시장 개방화장실,,서울 동대문구                천호대로 281                 (우)02604
574,클래식타워 개방화장실,,서울 동대문구                천호대로 307                 (우)02604
575,답십리역 개방화장실,,서울 성동구                천호대로 지하 300                 (우)04804
576,동창주유소 개방화장실,,서울 성동구                천호대로 324                 (우)04805
577,장안빌딩 개방화장실,,서울 성동구                천호대로 320                 (우)04805
578,금관빌딩 개방화장실,,서울 성동구                천호대로 328                 (우)04805
579,성동구립 용답도서관 개방화장실,,서울 성동구                용답중앙3길 10                 (우)04804
580,구의2동주택가 주차장 개방화장실,,서울 광진구                자양로 307                 (우)04955
581,어린이대공원후문 개방화장실,,서울 광진구                능동로 216                 (우)04991
582,굽은다리역 개방화장실,,서울 강동구                양재대로 지하 1572                 (우)05296
583,강동구민회관 개방화장실,,서울 강동구                상암로 168                 (우)05314
584,올림픽공원역 개방화장실,,서울 송파구                양재대로 1222                 (우)05648
585,올림픽공원-만남의광장 A2동 개방화장실,5.0,서울 송파구                올림픽로 424                 (우)05540
586,올림픽프라자상가 개방화장실,,서울 송파구                양재대로 1222                 (우)05648
587,고덕역 개방화장실,,서울 강동구                고덕로 지하 253                 (우)05233
588,명일파출소 개방화장실,,서울 강동구                동남로 895                 (우)05269
589,고덕1동주민센터 개방화장실,,서울 강동구                양재대로156길 123                 (우)05231
590,명일파출소 개방화장실,,서울 강동구                동남로 895                 (우)05269
591,고덕역 개방화장실,,서울 강동구                고덕로 지하 253                 (우)05233
592,온조대왕체육관 개방화장실,,서울 강동구                고덕로 285                 (우)05225
593,둔촌역재래시장 개방화장실,,서울 강동구                양재대로91길 16                 (우)05404
594,둔촌동역 개방화장실,,서울 강동구                양재대로 1371                 (우)05404
595,방이역 개찰구 밖 개방화장실,,서울 송파구                양재대로 지하 1127                 (우)05647
596,오금공원1관리동 개방화장실,,서울 송파구                오금로 363                 (우)05725
597,송파도서관 개방화장실,,서울 송파구                동남로 263                 (우)05725
598,서울곰두리체육센터 개방화장실,,서울 송파구                동남로 271                 (우)05725
599,거마도서관 정보센터 개방화장실,,서울 송파구                거마로2길 19                 (우)05768
600,거여역 개찰구 밖 개방화장실,,서울 송파구                오금로 지하 499                 (우)05744
601,인성복지관 개방화장실,,서울 송파구                마천로61길 26                 (우)05763
602,거여119안전센터 개방화장실,,서울 송파구                마천로 329                 (우)05759
603,마천역 개찰구 밖 개방화장실,,서울 송파구                마천로57길 지하 7                 (우)05758
604,강일역 개방화장실,,서울 강동구                고덕로 지하 456                 (우)05286
605,행당역 개방화장실,5.0,서울 성동구 행당동                317-5                
606,행당대림노변상가 개방화장실,,서울 성동구                행당로 75                 (우)04713
607,행당2동 주민센터 개방화장실,,서울 성동구                행당로9길 9                 (우)04713
608,개울건강도서관 개방화장실,,서울 양천구                중앙로52길 56                 (우)07944
609,신정종합사회복지관 개방화장실,,서울 양천구                신정중앙로 36                 (우)07940
610,청구역 개방화장실,,서울 중구                청구로 지하 77                 (우)04608
611,약수주유소 1층 개방화장실,,서울 중구                다산로 173                 (우)04608
612,새싹마을마당 개방화장실,,서울 중구                동호로12길 97                 (우)04608
613,신당동주민센터 개방화장실,,서울 중구 신당동                300-6                
614,방화역 개방화장실,,서울 강서구 방화동                830-1                
615,방화역무인자동 개방화장실,,서울 강서구 방화동                829-15                
616,길꽃어린이도서관 개방화장실,,서울 강서구                금낭화로24길 5                 (우)07511
617,방화제3동주민센터 개방화장실,,서울 강서구                금낭화로24길 5                 (우)07511
618,스카이주유소 개방화장실,,서울 강서구                개화동로 457                 (우)07601
619,벽산에어트리움 개방화장실,,서울 강서구                양천로 28                 (우)07601
620,한국맥도널드 송정역점 개방화장실,,서울 강서구                공항대로 21                 (우)07619
621,공항지구대 개방화장실,,서울 강서구                방화동로 5                 (우)07620
622,송정역 개방화장실,,서울 강서구                공항대로 지하 33                 (우)07619
623,방화제1 개방화장실,,서울 강서구 방화동                620-191                
624,공항시장역 9호선 개방화장실,,서울 강서구                방화동로 지하 30                 (우)07619
625,마곡홍보관 개방화장실,,서울 강서구                공항대로 169                 (우)07800
626,마곡역 개방화장실,,서울 강서구                공항대로 지하 163                 (우)07800
627,우장산주유소 개방화장실,,서울 강서구                강서로 292                 (우)07680
628,송화시장진흥협동조합 개방화장실,,서울 강서구                강서로45나길 16                 (우)07639
629,우장산역 개방화장실,,서울 강서구                강서로 지하 262                 (우)07691
630,터보빌딩 개방화장실,1.0,서울 강서구                강서로 173                 (우)07714
631,현대주유소 개방화장실,,서울 강서구                강서로 154                 (우)07727
632,화곡역 개방화장실,,서울 강서구                화곡로 지하 168                 (우)07715
633,화곡현대주유소 개방화장실,,서울 강서구                강서로 151                 (우)07715
634,까치산역 개방화장실,,서울 강서구                강서로 지하 54                 (우)07757
635,화곡제8동 주민센터 개방화장실,,서울 강서구                곰달래로25길 45                 (우)07757
636,대흥에너지산업 개방화장실,,서울 강서구                강서로 25                 (우)07778
637,금호산 개방화장실,,서울 성동구 금호동2가                산 1                
638,군부대앞금호정 개방화장실,,서울 성동구                금호로 173                 (우)04722
639,응봉공원 관리동 개방화장실,,서울 성동구                금호로 172-1                 (우)04721
640,신금호역 개방화장실,,서울 성동구                금호로 지하 154                 (우)04727
641,응봉공원 남측 개방화장실,,서울 성동구 금호동1가                101                
642,신세계오피스텔 개방화장실,,서울 성동구                행당로 6                 (우)04727
643,응봉근린공원 1 동산초교 위 개방화장실,,서울 중구 신당동                333-771                
644,금호1가동주민센터 개방화장실,,서울 성동구                행당로 15                 (우)04721
645,열린금호교육문화관 개방화장실,,서울 성동구                무수막길 69                 (우)04726
646,목동역 개방화장실,,서울 양천구                오목로 지하 245                 (우)07993
647,양평역 개방화장실,2.0,서울 영등포구 양평동2가                33-1                
648,우리은행양평빌딩 개방화장실,,서울 영등포구                영등포로 21                 (우)07275
649,양평동2가-1 개방화장실,,서울 영등포구                선유서로25길 9-2                 (우)07275
650,오목교역 개방화장실,,서울 양천구                오목로 지하 342                 (우)08006
651,무중력지대 양천 개방화장실,,서울 양천구                오목로 359                 (우)07999
652,종로소방서 세종로119안전센터 1층 개방화장실,5.0,서울 종로구                종로1길 28                 (우)03153
653,세종로공영주차장 개방화장실,5.0,서울 종로구                세종대로 지하 189                 (우)03172
654,대한민국역사박물관1층 개방화장실,,서울 종로구                세종대로 198                 (우)03141
655,광화문역 개방화장실,,서울 종로구                세종대로 지하 172                 (우)03154
656,청진파출소 1층 개방화장실,,서울 종로구                삼봉로 33                 (우)03153
657,변호사회관 개방화장실,,서울 종로구                새문안로5길 13                 (우)03182
658,세종문화회관 충무공이야기 지하2층 개방화장실,,서울 종로구                세종대로 175                 (우)03172
659,kt광화문 1층 개방화장실,,서울 종로구                세종대로 178                 (우)03154
660,광화문 해치마당 1층 개방화장실,,서울 종로구                세종대로 175                 (우)03172
661,광화문시민열린마당 개방화장실,5.0,서울 종로구 세종로                76-14                
662,현대해상빌딩 개방화장실,,서울 종로구                세종대로 163                 (우)03183
663,세종문화회관 사무동 1층2층 로비 개방화장실,,서울 종로구                세종대로 175                 (우)03172
664,종로구청 본관1층 개방화장실,,서울 종로구                종로1길 36                 (우)03152
665,세종문화회관 예술동가동 예인홀 로비 1층 개방화장실,5.0,서울 종로구                세종대로 175                 (우)03172
666,세종문화회관 광화문아띠 지하1층 북측 개방화장실,,서울 종로구                세종대로 175                 (우)03172
667,세종문화회관 광화문아띠 지하1층 남측 개방화장실,,서울 종로구                세종대로 175                 (우)03172
668,마포파크펠리스2 개방화장실,5.0,서울 마포구                마포대로 143                 (우)04143
669,아현동 주민센터 개방화장실,,서울 마포구                마포대로7길 18                 (우)04142
670,풍림vip텔 개방화장실,,서울 마포구                마포대로 127                 (우)04144
671,제일빌딩 개방화장실,,서울 마포구                만리재로 15                 (우)04214
672,공덕역 개방화장실,,서울 마포구                마포대로 지하 100                 (우)04213
673,공덕역 경의선 개방화장실,,서울 마포구                마포대로 92                 (우)04168
674,마스터즈타워 개방화장실,,서울 마포구                독막로 331                 (우)04156
675,대우메트로디오빌 개방화장실,,서울 마포구                백범로 199                 (우)04195
676,풍림vip텔 개방화장실,,서울 마포구                마포대로 127                 (우)04144
677,서대문역 개방화장실,,서울 서대문구 충정로2가                138                
678,충정빌딩 개방화장실,,서울 서대문구                통일로 135                 (우)03735
679,서대문경찰서 개방화장실,,서울 서대문구                통일로 113                 (우)03738
680,충정로우체국 개방화장실,,서울 서대문구                통일로 127                 (우)03735
681,강북삼성병원 신관1층 개방화장실,,서울 종로구                새문안로 29                 (우)03181
682,서울적십자병원 본관1층 개방화장실,,서울 종로구                새문안로 9                 (우)03181
683,9호선국회의사당역 내부 개방화장실,,서울 영등포구                국회대로 지하 758                 (우)07236
684,현대오일뱅크 직영여의도현대주유소 개방화장실,,서울 영등포구                국회대로 794                 (우)07238
685,9호선국회의사당역 외부 개방화장실,,서울 영등포구                국회대로 지하 758                 (우)07236
686,여의도우체국 개방화장실,,서울 영등포구                여의나루로 60                 (우)07328
687,영등포침례교회 개방화장실,,서울 영등포구                영신로44길 22                 (우)07251
688,영등포시장역 개방화장실,,서울 영등포구                양산로 지하 200                 (우)07250
689,영신상가 개방화장실,,서울 영등포구                영등포로 225                 (우)07250
690,영등포시장 개방화장실,,서울 영등포구                영등포로 지하 221                 (우)07250
691,도화소어린이공원 개방화장실,5.0,서울 마포구                토정로37길 22                 (우)04167
692,마포유수지 개방화장실,,서울 마포구                마포대로1길 9                 (우)04164
693,용강이동 개방화장실,,서울 마포구                마포대로1길 9                 (우)04164
694,양촌리 개방화장실,,서울 마포구                토정로 304                 (우)04165
695,성지빌딩 개방화장실,,서울 마포구                큰우물로 75                 (우)04158
696,복사꽃공원 개방화장실,,서울 마포구 도화동                533                
697,마포역 개방화장실,,서울 마포구                마포대로 33                 (우)04167
698,진도빌딩 개방화장실,,서울 마포구                마포대로 44                 (우)04174
699,염리119안전센터 개방화장실,,서울 마포구                토정로37길 27                 (우)04155
700,버티고개역 개방화장실,,서울 중구                다산로 지하 38                 (우)04595
701,버티공영주차장 개방화장실,,서울 중구                동호로17길 270                 (우)04601
702,안암동 개방화장실,5.0,서울 성북구                고려대로8길 7-2                 (우)02853
703,보문역 개방화장실,,서울 성북구                보문로 지하 116                 (우)02851
704,성북주유소 개방화장실,,서울 성북구                보문로 142                 (우)02851
705,동일주유소 개방화장실,,서울 성북구                보문로 85                 (우)02872
706,노동사목빌딩 개방화장실,,서울 성북구                보문로 95                 (우)02872
707,안암동주민센터 개방화장실,,서울 성북구                고려대로 16                 (우)02853
708,광덕주유소 화장실,,서울 성북구 보문동5가                145-1                
709,숭인1동주민센터 1층 개방화장실,,서울 종로구                지봉로 86                 (우)03108
710,창신3동주민센터 2.3층 개방화장실,,서울 종로구                지봉로 87                 (우)03095
711,지봉골어린이공원 1층 개방화장실,,서울 종로구                지봉로13길 14                 (우)03094
712,창신역 개방화장실,,서울 종로구 창신동                20-8                
713,숭인2지역 개방화장실,,서울 종로구 숭인동                56-136                
714,고려대학교안암병원 장례식장 개방화장실,,서울 성북구                고려대로 73                 (우)02841
715,신방주유소 개방화장실,,서울 성북구 안암동5가                82-1                
716,우신향병원 구관동 개방화장실,,서울 성북구                안암로 99                 (우)02856
717,안암역 개방화장실,,서울 성북구                고려대로 지하 89                 (우)02842
718,중랑천 제방 묵동교 개방화장실,,서울 중랑구 묵동                265-3                
719,화랑대역 개방화장실,,서울 노원구                동일로 지하 992-1                 (우)01849
720,노원주유소 개방화장실,,서울 노원구                동일로 1008                 (우)01848
721,태릉입구역 개방화장실,,서울 노원구                동일로 998-2                 (우)01849
722,성북구보건소 개방화장실,,서울 성북구                화랑로 63                 (우)02751
723,종암마을마당 개방화장실,,서울 성북구                종암로30길 114                 (우)02799
724,월곡역 개방화장실,,서울 성북구                월곡로 지하 107                 (우)02751
725,월곡꿈그림도서관 개방화장실,,서울 성북구                화랑로13길 17                 (우)02748
726,성북펜싱체육관 개방화장실,,서울 성북구                종암로24가길 109                 (우)02798
727,정평빌딩 화장실,,서울 성북구                화랑로 103                 (우)02752
728,화랑주유소 개방화장실,,서울 성북구 상월곡동                23-112                
729,석관동 우체국 개방화장실,,서울 성북구                화랑로 203                 (우)02773
730,상월곡역 개방화장실,,서울 성북구                화랑로 지하 157                 (우)02773
731,성북정보도서관 개방화장실,,서울 성북구                화랑로18자길 13                 (우)02791
732,상월곡실버복지센터 개방화장실,,서울 성북구                화랑로18길 6                 (우)02793
733,신용 구도일주유소 화랑로주유소 화장실,,서울 성북구                화랑로 174                 (우)02791
734,돌곶이역 개방화장실,,서울 성북구 석관동                349-8                
735,온누리병원 개방화장실,,서울 성북구                화랑로 271                 (우)02775
736,장위뉴타워 개방화장실,,서울 성북구                화랑로 248                 (우)02787
737,장위종합사회복지관 개방화장실,,서울 성북구                돌곶이로22길 47                 (우)02783
738,화랑대주유소 개방화장실,,서울 노원구                화랑로 483                 (우)01803
739,공릉119안전센터 개방화장실,,서울 노원구                화랑로 482                 (우)01803
740,봉화산역 개방화장실,,서울 중랑구                신내로 지하 232                 (우)02052
741,금강리빙스텔 개방화장실,,서울 중랑구                신내로 211                 (우)02024
742,봉화산역 공영주차장 개방화장실,,서울 중랑구                신내로 208                 (우)02052
743,고려대역 개방화장실,,서울 성북구                종암로 지하 1                 (우)02841
744,현대오일뱅크직영 고대셀프주유소 개방화장실,,서울 성북구                종암로 12                 (우)02796
745,이태원역 개방화장실,,서울 용산구                이태원로 지하 177                 (우)04350
746,이태원소방서 개방화장실,,서울 용산구                이태원로 200                 (우)04405
747,해밀톤호텔 개방화장실,1.0,서울 용산구                이태원로 179                 (우)04350
748,이태원지구대 개방화장실,,서울 용산구                이태원로 184                 (우)04406
749,이태원1동주민센터 개방화장실,,서울 용산구                보광로 104-6                 (우)04406
750,마포세무서 개방화장실,,서울 마포구                독막로 234                 (우)04090
751,영동석유 개방화장실,,서울 용산구                백범로 275                 (우)04318
752,효창공원역 6호선 개방화장실,,서울 용산구                백범로 지하 287                 (우)04318
753,효창동본부 개방화장실,,서울 용산구                효창원로69가길 2                 (우)04318
754,효창공원앞역 경의선 개방화장실,,서울 용산구 용문동                5-133                
755,이태원1 개방화장실,,서울 용산구 이태원동                34-114                
756,녹사평역 개방화장실,,서울 용산구                녹사평대로 지하 195                 (우)04353
757,코끼리주유소 개방화장실,,서울 은평구                서오릉로 41                 (우)03459
758,경우회관 개방화장실,,서울 은평구                응암로 357                 (우)03458
759,새록어린이공원 개방화장실,,서울 은평구                은평로13길 35                 (우)03459
760,역촌역 개방화장실,,서울 은평구 녹번동                153-31                
761,은평평화공원 지하공영주차장 화장실,,서울 은평구 녹번동                153-1                
762,갈현베르빌 개방화장실,,서울 은평구                연서로 149                 (우)03336
763,구산역 개방화장실,,서울 은평구                연서로 지하 137-1                 (우)03412
764,역촌중앙시장 개방화장실,,서울 은평구                연서로17길 18-6                 (우)03336
765,새절역 개방화장실,,서울 은평구                증산로 389                 (우)03442
766,불광천 신응교 개방화장실,,서울 은평구 응암동                610-2                
767,응암3동 주민센터 개방화장실,,서울 은평구                불광천길 410-17                 (우)03457
768,증산주유소 개방화장실,,서울 은평구                증산로 275                 (우)03500
769,북가좌파출소 개방화장실,,서울 서대문구                응암로1길 13                 (우)03679
770,증산역 개방화장실,,서울 은평구                증산로 지하 306                 (우)03499
771,증산센터 개방화장실,,서울 은평구                증산서길 82                 (우)03499
772,증산동주민센터 개방화장실,,서울 은평구                증산서길 89                 (우)03498
773,불광천 개방화장실,,서울 은평구 신사동                24-18                
774,신사종합복지관 개방화장실,,서울 은평구                은평로 38                 (우)03450
775,응암역 개방화장실,,서울 은평구                증산로 지하 477                 (우)03449
776,신사1동주민센터 개방화장실,,서울 은평구                은평로2길 2                 (우)03450
777,애필리움아파트상가 개방화장실,,서울 은평구                불광천길 536                 (우)03453
778,홍제천열린 개방화장실,,서울 마포구 성산동                342                
779,평화-1 연못 개방화장실,,서울 마포구                월드컵로 243-48                 (우)03901
780,"월드컵공원 청사 1,2층 개방화장실",,서울 마포구                월드컵로 243-60                 (우)03901
781,마포구청역 개방화장실,,서울 마포구                월드컵로 지하 190                 (우)03938
782,마포구청역 개방화장실,,서울 마포구                월드컵로 지하 190                 (우)03938
783,홍제천열린 개방화장실,,서울 마포구 성산동                342                
784,평화-1 연못 개방화장실,,서울 마포구                월드컵로 243-48                 (우)03901
785,"월드컵공원 청사 1,2층 개방화장실",,서울 마포구                월드컵로 243-60                 (우)03901
786,마포구청역 개방화장실,,서울 마포구                월드컵로 지하 190                 (우)03938
787,와우 공원 개방화장실,,서울 마포구                독막로19길 20-13                 (우)04066
788,상수역 개방화장실,,서울 마포구                독막로 지하 85                 (우)04049
789,광흥창역 개방화장실,,서울 마포구 창전동                242                
790,신수동주민센터 개방화장실,,서울 마포구                신수로 58                 (우)04088
791,서강동주민센터 개방화장실,,서울 마포구                독막로 165                 (우)04099
792,에스에스주유소 개방화장실,,서울 마포구                서강로 76                 (우)04099
793,타이거주유소 개방화장실,,서울 은평구                수색로 188                 (우)03506
794,디지털미디어시티역 경의선 개방화장실,,서울 은평구                수색로 193                 (우)03504
795,디지털미디어시티역 개방화장실,,서울 은평구                수색로 지하 175                 (우)03504
796,논현빌딩 개방화장실,,서울 서초구                신반포로 339                 (우)06531
797,동화히스토리 개방화장실,1.0,서울 강남구                학동로4길 15                 (우)06110
798,논현역 개방화장실,,서울 강남구                학동로 지하 102                 (우)06110
799,반포역 개방화장실,,서울 서초구                신반포로 지하 241                 (우)06521
800,포탈하이웨이 개방화장실,,서울 서초구                서초대로 94                 (우)06672
801,하나은행 방배사옥 개방화장실,,서울 서초구                방배로 131                 (우)06672
802,동국한방병원 개방화장실,,서울 서초구                방배로 186                 (우)06586
803,서초구보훈회관 개방화장실,,서울 서초구                방배로27길 13                 (우)06572
804,서울사당동우체국 개방화장실,,서울 동작구                동작대로 75                 (우)07013
805,골든시네마 개방화장실,,서울 동작구                동작대로 89                 (우)07013
806,총신대입구역 개방화장실,,서울 동작구                동작대로 지하 117                 (우)07008
807,현대오일뱅크직영현대셀프 사당점 개방화장실,,서울 동작구                동작대로 73                 (우)07013
808,거묵프리미엄상가 개방화장실,,서울 동작구                사당로 196                 (우)07009
809,남성역 개방화장실,,서울 동작구                사당로 지하 218                 (우)07010
810,사당3동주민센터 개방화장실,,서울 동작구                사당로17길 86                 (우)07005
811,사당3치안센터 개방화장실,,서울 동작구                사당로17길 4                 (우)07005
812,사당종합사회복지관 개방화장실,,서울 동작구                사당로14길 20                 (우)07010
813,천왕역 개방화장실,,서울 구로구                오리로 지하 1154                 (우)08342
814,천왕역환승센터 개방화장실,,서울 구로구 오류동                174-11                
815,오류2동주민센터 개방화장실,,서울 구로구                오류로 45                 (우)08342
816,동일석유동주충전소 개방화장실,,서울 동작구                상도로 74                 (우)07041
817,동작노인종합복지관 개방화장실,,서울 동작구                상도로11길 7                 (우)06953
818,신대방역 개방화장실,,서울 동작구                상도로 지하 76                 (우)07041
819,상도119안전센터 개방화장실,,서울 동작구                국사봉1길 17                 (우)07041
820,상도3치안센터 개방화장실,,서울 동작구                상도로 87                 (우)06953
821,상도종합사회복지관 개방화장실,,서울 동작구                상도로39가길 7                 (우)06968
822,상도1동 개방화장실,,서울 동작구 상도1동                633-23                
823,상도역 개방화장실,,서울 동작구                상도로 지하 272                 (우)07032
824,상도지구대 개방화장실,,서울 동작구                장승배기로 73                 (우)06956
825,청화병원 개방화장실,,서울 동작구                장승배기로 108                 (우)06925
826,장승백이역 개방화장실,,서울 동작구                상도로 지하 188                 (우)06963
827,동작교육청 개방화장실,,서울 동작구                장승배기로10가길 35                 (우)06963
828,동작문화복지센터 개방화장실,,서울 동작구                장승배기로10길 42                 (우)06963
829,참새공원 개방화장실,5.0,서울 동작구                여의대방로24길 29                 (우)07055
830,대방주유소 개방화장실,,서울 영등포구                여의대방로 159                 (우)07392
831,경덕주유소 개방화장실,,서울 영등포구                여의대방로23길 2                 (우)07433
832,보라매역 개방화장실,,서울 동작구                상도로 지하 2                 (우)07055
833,신길6동공영 개방화장실,,서울 영등포구 신길동                3203                
834,신풍역 개방화장실,3.0,서울 영등포구                신풍로 지하 27                 (우)07393
835,GS칼텍스 직영 신길점 개방화장실,,서울 영등포구                신길로 74                 (우)07436
836,영등포구민체육센터 개방화장실,,서울 영등포구                신풍로 1                 (우)07398
837,구로3동 동산빌라앞 개방화장실,,서울 구로구                디지털로27라길 39-11                 (우)08373
838,남구로역 개방화장실,,서울 구로구                도림로 9                 (우)08320
839,구로4동 경로당 개방화장실,,서울 구로구                구로동로8길 27                 (우)08319
840,영진주유소 개방화장실,,서울 구로구                구로동로 20                 (우)08385
841,상현상사 개방화장실,,서울 강남구                학동로 204                 (우)06104
842,학동역 개방화장실,,서울 강남구                학동로 지하 180                 (우)06112
843,헤리츠타워 개방화장실,,서울 강남구                논현로 662                 (우)06105
844,숭실대역 개방화장실,,서울 동작구                상도로 지하 378                 (우)07040
845,상도1동주민센터 개방화장실,,서울 동작구                상도로53길 9                 (우)06971
846,강남보건소별관 개방화장실,,서울 강남구                선릉로 668                 (우)06088
847,금하빌딩 개방화장실,5.0,서울 강남구                학동로 401                 (우)06069
848,강남구청역 개방화장실,,서울 강남구                학동로 지하 346                 (우)06099
849,중화역 개방화장실,,서울 중랑구                동일로 지하 797                 (우)02017
850,구립중화경로복지관 개방화장실,,서울 중랑구                동일로138길 28                 (우)02050
851,중화119안전센터 개방화장실,,서울 중랑구                동일로 783                 (우)02102
852,중화2동주민센터 개방화장실,,서울 중랑구                동일로129길 1                 (우)02103
853,대신빌딩 개방화장실,,서울 중랑구                동일로136길 20                 (우)02051
854,중화1동 공영주차장 개방화장실,,서울 중랑구                동일로136나길 14                 (우)02049
855,중화1동주민센터 개방화장실,,서울 중랑구                동일로134길 17                 (우)02088
856,뚝섬유원지역 개방화장실,,서울 광진구                능동로 10                 (우)05096
857,수현민물장어 개방화장실,,서울 광진구                능동로4길 33                 (우)05090
858,한강공원뚝섬13 개방화장실,,서울 광진구 자양동                97-5                
859,원조순대국감자탕 개방화장실,,서울 광진구                뚝섬로30길 47                 (우)05085
860,한강공원뚝섬10 개방화장실,,서울 광진구 자양동                112                
861,한강공원뚝섬11 개방화장실,,서울 광진구 자양동                112                
862,한강공원뚝섬12 개방화장실,,서울 광진구 자양동                112                
863,청담평생학습관 개방화장실,,서울 강남구                학동로67길 11                 (우)06066
864,청담역 개방화장실,,서울 강남구                학동로 지하 508                 (우)06084
865,강남구청 제3별관 개방화장실,5.0,서울 강남구                학동로 426                 (우)06090
866,강남구보훈회관 개방화장실,,서울 강남구                삼성로119길 14-2                 (우)06091
867,강남구청 본관동 개방화장실,,서울 강남구                학동로 426                 (우)06090
868,강남구청 차량지원실 개방화장실,,서울 강남구                학동로 426                 (우)06090
869,수락산역 개방화장실,,서울 노원구                동일로 지하 1662                 (우)01625
870,수락119안전센터 개방화장실,,서울 노원구                동일로 1694                 (우)01624
871,마들역 개방화장실,,서울 노원구                동일로 지하 1530-1                 (우)01674
872,달빛어린이공원 개방화장실,,서울 노원구                노원로 532                 (우)01676
873,중계역 개방화장실,,서울 노원구                동일로 지하 1308-1                 (우)01760
874,당현천변 주공4단지앞 개방화장실,,서울 노원구 상계동                759-1                
875,당현천근린공원 개방화장실,,서울 노원구 상계동                762-1                
876,가재울근린공원 개방화장실,,서울 노원구 중계동                515-4                
877,평안에너지 상계충전소 개방화장실,,서울 노원구                동일로210길 86                 (우)01758
878,하계장미 개방화장실,4.0,서울 노원구                섬밭로 196                 (우)01863
879,해바라기어린이공원 개방화장실,,서울 노원구 하계동                277                
880,개방화장실,,서울 노원구 공릉동                626-5                
881,한천가로공원 개방화장실,,서울 노원구 공릉동                406-1                
882,한신주유소 개방화장실,,서울 노원구                동일로 1089                 (우)01852
883,공릉역 개방화장실,,서울 노원구                동일로 지하 1074                 (우)01840
884,공릉1.3동 주민센타 개방화장실,,서울 노원구                동일로186길 3-24                 (우)01844
885,리베로 개방화장실,,서울 중랑구                망우로 307                 (우)02098
886,상봉역 개방화장실,,서울 중랑구 상봉동                197-2                
887,상봉역 개방화장실,,서울 중랑구                망우로 297                 (우)02098
888,동원시장 개방화장실,,서울 중랑구                면목로74길 45                 (우)02161
889,면목역 개방화장실,,서울 중랑구 면목동                282-6                
890,면목본동주민센터 개방화장실,,서울 중랑구                면목로 397                 (우)02219
891,면목3.8동주민센터 개방화장실,,서울 중랑구                사가정로51길 48                 (우)02221
892,까치어린이공원 개방화장실,,서울 중랑구                사가정로49길 56                 (우)02221
893,면목7동주민센터 개방화장실,,서울 중랑구                사가정로52길 13                 (우)02238
894,용마산역 개방화장실,,서울 중랑구                용마산로 지하 227                 (우)02254
895,용마폭포 개방화장실,3.0,서울 중랑구 면목동                산 1-4                
896,면목4동주민센터 개방화장실,,서울 중랑구                면목로 246                 (우)02254
897,중곡역 개방화장실,,서울 광진구                능동로 지하 417                 (우)04908
898,중곡문화체육센터 개방화장실,,서울 광진구                능동로 433                 (우)04904
899,광진광장주차장 개방화장실,,서울 광진구                광나루로 389                 (우)05006
900,화양동 주민센터 개방화장실,,서울 광진구                능동로17길 39                 (우)05010
901,어린이대공원역 개방화장실,,서울 광진구                능동로 지하 210                 (우)04991
902,묵1동주민센터 개방화장실,,서울 중랑구                공릉로2가길 5                 (우)02034
903,재원에너지 범아주유소 개방화장실,,서울 중랑구                동일로 881                 (우)02009
904,남성대주유소 개방화장실,,서울 송파구                송파대로 52                 (우)05844
905,장지역 개찰구 밖 개방화장실,,서울 송파구                송파대로 지하 82                 (우)05816
906,산모건강증진센터 개방화장실,,서울 송파구                충민로2길 20                 (우)05816
907,문정역 개방화장실,,서울 송파구                송파대로 지하 179                 (우)05854
908,송파역 개방화장실,,서울 송파구                송파대로 지하 354                 (우)05676
909,복정역 분당선 개방화장실,,서울 송파구                송파대로 지하 6                 (우)05844
910,완불주유소 개방화장실,,서울 송파구 장지동                608-5                
911,몽촌토성역 개찰구 밖 개방화장실,,서울 송파구                올림픽로 지하 383                 (우)05508
912,강동구청역 개방화장실,,서울 송파구                올림픽로 545                 (우)05530
913,성내지구대 개방화장실,,서울 강동구                성내로 25                 (우)05397
914,퍼스트오일 코알라주유소 개방화장실,,서울 강동구                올림픽로 556                 (우)05391
915,강동구청 본관 개방화장실,5.0,서울 강동구                성내로 25                 (우)05397
916,강동구청 서관 개방화장실,,서울 강동구                성내로 25                 (우)05397
917,성내1동주민센터 개방화장실,,서울 강동구                성내로 13                 (우)05392
918,태성프라자 개방화장실,,서울 강동구                올림픽로 787                 (우)05241
919,현대오일뱅크직영 암사셀프주유소 개방화장실,,서울 강동구 암사동                513-27                
920,암사종합시장 개방화장실,,서울 강동구                고덕로10길 62                 (우)05263
921,동양인텍스빌 개방화장실,,서울 강동구                상암로 41                 (우)05264
922,암사역 개방화장실,,서울 강동구                올림픽로 지하 776                 (우)05264
923,암사충전소 개방화장실,,서울 강동구                올림픽로 791                 (우)05241
924,암사2동주민센터 개방화장실,,서울 강동구                상암로3길 28                 (우)05241
925,석촌레이크빌 개방화장실,4.0,서울 송파구                송파대로 453                 (우)05609
926,잠실에너지 개방화장실,,서울 송파구 송파동                19-1                
927,청호빌딩 개방화장실,,서울 송파구                송파대로 441                 (우)05616
928,석촌역 개찰구 밖 개방화장실,,서울 송파구                백제고분로 지하 368                 (우)05626
929,반포본동주민센터 개방화장실,,서울 서초구                신반포로3길 8                 (우)06502
930,반포2동주민센터 개방화장실,,서울 서초구                신반포로15길 16                 (우)06504
931,반포그린주유소 개방화장실,,서울 서초구                서초중앙로 239                 (우)06593
932,반포1동주민센터 개방화장실,,서울 서초구                사평대로 273                 (우)06544
933,사평로주유소 개방화장실,5.0,서울 서초구                사평대로 350                 (우)06609
934,교보타워 개방화장실,,서울 서초구                강남대로 465                 (우)06611
935,신논현역 개방화장실,,서울 강남구                봉은사로 지하 102                 (우)06120
936,송산빌딩 개방화장실,,서울 강남구                봉은사로 210                 (우)06135
937,선정경로당 개방화장실,,서울 강남구                선릉로105길 5                 (우)06145
938,강남구치매지원센터 및 공영주차장 개방화장실,,서울 강남구                선릉로108길 27                 (우)06153
939,선정릉역 분당선 개방화장실,,서울 강남구                선릉로 지하 580                 (우)06153
940,삼보주유소 개방화장실,1.0,서울 강남구                봉은사로 433                 (우)06097
941,백영삼릉빌딩 개방화장실,,서울 강남구                봉은사로 413                 (우)06097
942,세홍 구 프라임빌딩 개방화장실,,서울 강남구 논현동                278-4                
943,삼성2문화센터 개방화장실,,서울 강남구                봉은사로 419                 (우)06097
944,광동한방병원 개방화장실,,서울 강남구                봉은사로 612                 (우)06170
945,삼성1문화센터 개방화장실,,서울 강남구 삼성동                161-2                
946,삼전셀프주유소 개방화장실,,서울 송파구                백제고분로 199                 (우)05606
947,파크인수빌딩 개방화장실,1.0,서울 송파구                백제고분로 187                 (우)05567
948,대성석유 석촌주유소 개방화장실,,서울 송파구                백제고분로 289                 (우)05613
949,SK정유 남성주유소 개방화장실,,서울 송파구                백제고분로 474                 (우)05631
950,백제고분로주유소 개방화장실,,서울 송파구                오금로 143                 (우)05549
951,올림픽공원-프라자A동 개방화장실,,서울 송파구                올림픽로 424                 (우)05540
952,올림픽공원-구립SOMA미술관 개방화장실,,서울 송파구                위례성대로 51                 (우)05540
953,쌍용플래티넘 개방화장실,,서울 강남구                봉은사로 474                 (우)06154
954,GS칼텍스삼성로점 개방화장실,,서울 강남구                삼성로 563                 (우)06154
955,효사정 개방화장실,,서울 동작구 흑석동                141-2                
956,반포한강공원7 개방화장실,,서울 동작구 흑석동                263                
957,원불교앞 개방화장실,,서울 동작구 흑석동                263                
958,흑석동주유소 개방화장실,5.0,서울 동작구                현충로 101                 (우)06904
959,서울흑석동우체국 개방화장실,,서울 동작구                서달로15길 13                 (우)06972
960,자매근린공원 개방화장실,,서울 영등포구 여의도동                56                
961,샛강역 9호선 개방화장실,,서울 영등포구                의사당대로 지하 166                 (우)07324
962,여의도 119안전센터 개방화장실,,서울 영등포구                의사당대로 162                 (우)07324
963,교육시설공제회관 구-인켈 개방화장실,,서울 영등포구                국회대로62길 25                 (우)07236
964,9호선국회의사당역 내부 개방화장실,,서울 영등포구                국회대로 지하 758                 (우)07236
965,GS칼텍스 국회대로주유소 개방화장실,,서울 영등포구                국회대로 746                 (우)07236
966,여의도공원 2호 개나리 개방화장실,,서울 영등포구 여의도동                2                
967,여의도공원 3호 개방화장실,,서울 영등포구 여의도동                2                
968,9호선국회의사당역 외부 개방화장실,,서울 영등포구                국회대로 지하 758                 (우)07236
969,"여의도공원 1호, 진달래 개방화장실",,서울 영등포구 여의도동                2                
970,양평2동공영 개방화장실,,서울 영등포구                양평로19길 12-1                 (우)07208
971,영등포제일교회 개방화장실,,서울 영등포구                양평로 154                 (우)07204
972,양평동 참병원 개방화장실,,서울 영등포구                양평로22사길 9                 (우)07203
973,선유도주유소 개방화장실,,서울 영등포구                양평로 141                 (우)07207
974,양평2동주민센터 개방화장실,,서울 영등포구                선유로47길 30                 (우)07208
975,선유도역 9호선 개방화장실,,서울 영등포구                양평로 지하 124                 (우)07205
976,신목동역 9호선 개방화장실,,서울 양천구                목동중앙로 지하 217                 (우)07969
977,건지주유소 개방화장실,,서울 양천구                안양천로 1171                 (우)07969
978,현대오일뱅크직영 양천현대셀프주유소 개방화장실,,서울 양천구 목동                123                
979,이수 개방화장실,,서울 강서구                공항대로75길 27                 (우)07558
980,염창동주유소 개방화장실,,서울 강서구                양천로 720                 (우)07556
981,꿈꾸는어린이도서관 개방화장실,,서울 강서구                공항대로 615                 (우)07558
982,평생학습관 개방화장실,,서울 강서구                공항대로 615                 (우)07558
983,염창역9호선 개방화장실,,서울 강서구                공항대로 지하 631                 (우)07558
984,현대오일뱅크직영 목동셀프주유소 개방화장실,,서울 양천구                공항대로 648                 (우)07968
985,현대오일뱅크 양화교주유소 개방화장실,,서울 강서구                공항대로 653                 (우)07557
986,교통정보센터 개방화장실,,서울 강서구                공항대로 501                 (우)07564
987,택민빌딩 개방화장실,,서울 양천구                공항대로 550                 (우)07946
988,백석 개방화장실,,서울 강서구                공항대로57길 31                 (우)07564
989,염창파출소 개방화장실,,서울 강서구                공항대로59다길 80                 (우)07561
990,등촌역 9호선 개방화장실,,서울 강서구                공항대로 지하 529                 (우)07563
991,강서소방서 등촌119안전센터 개방화장실,,서울 강서구                양천로 550                 (우)07550
992,비둘기 개방화장실,,서울 강서구                허준로 230                 (우)07532
993,코리나청룡주유소 개방화장실,,서울 강서구                양천로 576                 (우)07551
994,증미역 9호선 개방화장실,,서울 강서구                양천로 지하 560                 (우)07550
995,노블리움오피스텔 개방화장실,,서울 강서구                양천로 500                 (우)07548
996,가양5종합사회복지관 개방화장실,,서울 강서구                양천로57길 36                 (우)07526
997,KH에너지직영 가양주유소 개방화장실,,서울 강서구                강서로 498                 (우)07529
998,대성주유소 개방화장실,,서울 강서구                강서로 472                 (우)07573
999,대룡드림타워 개방화장실,,서울 강서구                강서로 462                 (우)07573
1000,우리벤처타운 개방화장실,,서울 강서구                강서로 466                 (우)07573
1001,마곡나루역 9호선 개방화장실,,서울 강서구 마곡동                367-6                
1002,일자산약수터 개방화장실,,서울 강동구                진황도로61길 53                 (우)05368
1003,일자산2체육관 개방화장실,,서울 강동구 둔촌동                산 125                
1004,한국맥도널드 송정역점 개방화장실,,서울 강서구                공항대로 21                 (우)07619
1005,방화주유소 개방화장실,,서울 강서구                방화동로 58-2                 (우)07616
1006,방화제2 개방화장실,,서울 강서구                개화동로29길 28-1                 (우)07620
1007,공항지구대 개방화장실,,서울 강서구                방화동로 5                 (우)07620
1008,송정역 개방화장실,,서울 강서구                공항대로 지하 33                 (우)07619
1009,방화제1 개방화장실,,서울 강서구 방화동                620-191                
1010,공항시장역 9호선 개방화장실,,서울 강서구                방화동로 지하 30                 (우)07619
1011,노들나루공원 개방화장실,,서울 동작구                노량진로 247                 (우)06902
1012,노들역 9호선 개방화장실,1.0,서울 동작구                노량진로 지하 238                 (우)06906
1013,신방화역 9호선 개방화장실,,서울 강서구                방화대로 지하 301                 (우)07605
